{"cameraMode":{"drawMode":0,"name":"Shaded","section":"Shading Mode"},"sceneLighting":true,"audioPlay":false,"sceneViewState":{"m_AlwaysRefresh":false,"showFog":true,"showSkybox":true,"showFlares":true,"showImageEffects":true,"showParticleSystems":true,"showVisualEffectGraphs":true,"m_FxEnabled":true},"in2DMode":false,"pivot":{"x":31.30095672607422,"y":0.8999492526054382,"z":78.43350982666016},"rotation":{"x":0.006268445402383804,"y":0.11523730307817459,"z":-0.0007199625833891332,"w":0.9933444857597351},"size":30.390029907226564,"orthographic":false}