{"cameraMode":{"drawMode":0,"name":"Shaded","section":"Shading Mode"},"sceneLighting":true,"audioPlay":false,"sceneViewState":{"m_AlwaysRefresh":false,"showFog":true,"showSkybox":true,"showFlares":true,"showImageEffects":true,"showParticleSystems":true,"showVisualEffectGraphs":true,"m_FxEnabled":true},"in2DMode":false,"pivot":{"x":16.003705978393556,"y":1.423974633216858,"z":21.29790687561035},"rotation":{"x":-0.012644973583519459,"y":0.7715258598327637,"z":-0.015249700285494328,"w":-0.6359670758247376},"size":1.3500021696090699,"orthographic":false}