{"cameraMode":{"drawMode":0,"name":"Shaded","section":"Shading Mode"},"sceneLighting":true,"audioPlay":false,"sceneViewState":{"m_AlwaysRefresh":false,"showFog":true,"showSkybox":true,"showFlares":true,"showImageEffects":true,"showParticleSystems":true,"showVisualEffectGraphs":true,"m_FxEnabled":true},"in2DMode":false,"pivot":{"x":17.534774780273439,"y":0.8866918087005615,"z":21.270923614501954},"rotation":{"x":-0.10801095515489578,"y":-0.7340981960296631,"z":0.12021423131227493,"w":-0.6596373319625855},"size":1.3500021696090699,"orthographic":false}