{"cameraMode":{"drawMode":0,"name":"Shaded","section":"Shading Mode"},"sceneLighting":true,"audioPlay":false,"sceneViewState":{"m_AlwaysRefresh":false,"showFog":true,"showSkybox":true,"showFlares":true,"showImageEffects":true,"showParticleSystems":true,"showVisualEffectGraphs":true,"m_FxEnabled":true},"in2DMode":false,"pivot":{"x":16.944488525390626,"y":1.4797941446304322,"z":24.80232048034668},"rotation":{"x":0.0057973433285951618,"y":0.9932340979576111,"z":-0.10347174853086472,"w":0.05427966266870499},"size":1.3500021696090699,"orthographic":false}