{"cameraMode":{"drawMode":0,"name":"Shaded","section":"Shading Mode"},"sceneLighting":true,"audioPlay":false,"sceneViewState":{"m_AlwaysRefresh":false,"showFog":true,"showSkybox":true,"showFlares":true,"showImageEffects":true,"showParticleSystems":true,"showVisualEffectGraphs":true,"m_FxEnabled":true},"in2DMode":false,"pivot":{"x":16.51482391357422,"y":1.3651413917541505,"z":23.431833267211915},"rotation":{"x":0.09427976608276367,"y":-0.4126814603805542,"z":0.043019477277994159,"w":0.9050335884094238},"size":1.3500021696090699,"orthographic":false}