{"cameraMode":{"drawMode":0,"name":"Shaded","section":"Shading Mode"},"sceneLighting":true,"audioPlay":false,"sceneViewState":{"m_AlwaysRefresh":false,"showFog":true,"showSkybox":true,"showFlares":true,"showImageEffects":true,"showParticleSystems":true,"showVisualEffectGraphs":true,"m_FxEnabled":true},"in2DMode":false,"pivot":{"x":139.41783142089845,"y":96.42338562011719,"z":16.292564392089845},"rotation":{"x":0.43759581446647646,"y":-0.29103541374206545,"z":0.1528780609369278,"w":0.8372962474822998},"size":1.540576696395874,"orthographic":false}